<?xml version="1.0" encoding="UTF-8"?>
<project-private xmlns="http://www.netbeans.org/ns/project-private/1">
    <editor-bookmarks xmlns="http://www.netbeans.org/ns/editor-bookmarks/2" lastBookmarkId="0"/>
    <open-files xmlns="http://www.netbeans.org/ns/projectui-open-files/2">
        <group>
            <file>file:/C:/Users/OSMAN/Documents/NetBeansProjects/YazLab6/src/yazlab6/CellLayer.java</file>
            <file>file:/C:/Users/OSMAN/Documents/NetBeansProjects/YazLab6/src/yazlab6/Cell.java</file>
            <file>file:/C:/Users/OSMAN/Documents/NetBeansProjects/YazLab6/src/yazlab6/MouseGestures.java</file>
            <file>file:/C:/Users/OSMAN/Documents/NetBeansProjects/YazLab6/src/yazlab6/NodeFinishImage.java</file>
            <file>file:/C:/Users/OSMAN/Documents/NetBeansProjects/YazLab6/src/yazlab6/ZoomableScrollPane.java</file>
            <file>file:/C:/Users/OSMAN/Documents/NetBeansProjects/YazLab6/src/yazlab6/NodeMidImage.java</file>
            <file>file:/C:/Users/OSMAN/Documents/NetBeansProjects/YazLab6/src/yazlab6/YazLab6.java</file>
            <file>file:/C:/Users/OSMAN/Documents/NetBeansProjects/YazLab6/src/yazlab6/Edge.java</file>
            <file>file:/C:/Users/OSMAN/Documents/NetBeansProjects/YazLab6/src/yazlab6/RandomLayout.java</file>
            <file>file:/C:/Users/OSMAN/Documents/NetBeansProjects/YazLab6/src/yazlab6/CellType.java</file>
            <file>file:/C:/Users/OSMAN/Documents/NetBeansProjects/YazLab6/src/yazlab6/Layout.java</file>
            <file>file:/C:/Users/OSMAN/Documents/NetBeansProjects/YazLab6/src/yazlab6/Pair.java</file>
            <file>file:/C:/Users/OSMAN/Documents/NetBeansProjects/YazLab6/src/yazlab6/NodeStartImage.java</file>
            <file>file:/C:/Users/OSMAN/Documents/NetBeansProjects/YazLab6/src/yazlab6/Model.java</file>
            <file>file:/C:/Users/OSMAN/Documents/NetBeansProjects/YazLab6/src/yazlab6/MaxFlowMinCut.java</file>
            <file>file:/C:/Users/OSMAN/Documents/NetBeansProjects/YazLab6/src/yazlab6/Graph.java</file>
        </group>
    </open-files>
</project-private>
